, ,Black,Blue,Green,Purple,Red,Temperature STD
0,200,2.169924116,2.058035322,2.049768765,2.106407204,2.235768958,0.07038812973498172
1,215,2.213796146,2.105945063,2.093936226,2.159618553,2.265781061,0.0649072553572253
2,230,2.309333086,2.114543314,2.149139535,2.209134754,2.339797304,0.08774488374072366
