, ,Black,Blue,Green,Purple,Red,Temperature STD
0,200,0.034163049,0.029520198,0.031664379,0.029749568,0.034980219,0.002230954563020825
1,215,0.04073442,0.037053322,0.036778476,0.039390827,0.041615429,0.0019318698794947256
2,230,0.042553108,0.037241578,0.036644173,0.040832406,0.042028938,0.0024535840410352854
